Class No - Name,(All),,,,,,,,,,,,,,,,,,,,,,,,,,,,,
VENDOR_NAME,(All),,,,,,,,,,,,,,,,,,,,,,,,,,,,,
Line No - Name,(All),,,,,,,,,,,,,,,,,,,,,,,,,,,,,
,,,,,,,,,,,,,,,,,,,,,,,,,,,,,,
Row Labels,STORE_NO_NAME,SITE_NO,VOLUME_BAND,SIZE_BAND,Sum of Sales $ LW,Sum of Sales $ LW LY,Sum of Margin $ LW,Sum of Margin $ LW LY,Sum of Receipt $ LW,Sum of Receipt $ LW LY,Sum of Sales $ QTD,Sum of Sales $ QTD LY,Sum of Margin $ QTD,Sum of Margin $ QTD LY,Sum of Receipt $ QTD,Sum of Receipt $ QTD LY,Sum of Sales $ YTD,Sum of Sales $ YTD LY,Sum of Margin $ YTD,Sum of Margin $ YTD LY,Sum of Receipt $ YTD,Sum of Receipt $ YTD LY,Sum of Total Inv LW TY,Sum of Total Inv LW LY,Sum of IN-Tran LW TY,Sum of In-Tran LW LY,Sum of Allocated LW TY,Sum of Allocated LW LY,Sum of SKU Count,Sum of In-Stock Stores
(blank),802 - Ecommerce,802,Greater than 18M,Greater than 60K,"$138,583","$161,489","$49,416","$61,308",$0,$0,"$138,583","$161,489","$49,416","$61,308",$0,$0,"$1,468,199","$1,392,735","$448,251","$492,458",$0,$0,"$1,031,307","$1,156,191",$0,$0,$0,$0,"$2,877","$1,527"
Alaska,121 - Anchorage,121,15M-18M,50K-60K,"$61,200","$53,592","$24,278","$23,159",$532,"$1,237","$61,200","$53,592","$24,278","$23,159",$532,"$1,237","$476,260","$521,678","$190,584","$208,214","$15,493","$59,984","$1,116,888","$1,319,042","$44,699","$74,174","$61,031","$1,861","$2,721","$2,416"
Alaska,145 - Fairbanks,145,12M-15M,40K-50K,"$74,564","$80,970","$30,635","$35,713",$367,$0,"$74,564","$80,970","$30,635","$35,713",$367,$0,"$634,395","$672,893","$255,269","$275,002","$40,006","$34,992","$1,181,654","$1,448,332","$69,973","$172,368","$65,910","$2,493","$2,751","$2,383"
Alaska,159 - Wasilla,159,Greater than 18M,50K-60K,"$96,954","$106,932","$38,440","$46,968",$0,$610,"$96,954","$106,932","$38,440","$46,968",$0,$610,"$771,963","$866,648","$310,975","$346,823","$39,861","$64,495","$1,392,823","$1,507,288","$101,501","$101,991","$72,371","$2,205","$2,827","$2,415"
Alaska,212 - Soldotna,212,9M-12M,40K-50K,"$41,380","$64,999","$17,419","$30,655",$158,$804,"$41,380","$64,999","$17,419","$30,655",$158,$804,"$365,806","$472,366","$151,413","$195,408","$35,872","$49,759","$1,007,620","$1,040,274","$62,121","$57,769","$50,357","$1,439","$2,724","$2,340"
Alaska,248 - Juneau,248,6M-9M,20K-30K,"$25,882","$23,620","$12,410","$11,308",$580,$194,"$25,882","$23,620","$12,410","$11,308",$580,$194,"$211,675","$228,605","$99,094","$101,542","$2,676","$3,737","$365,068","$466,465","$38,280","$74,399",$0,$749,"$2,302","$1,971"
Rocky Mtn,102 - Provo,102,12M-15M,40K-50K,"$37,172","$37,266","$15,200","$16,291","$1,191","$1,107","$37,172","$37,266","$15,200","$16,291","$1,191","$1,107","$372,120","$424,595","$151,046","$172,234","$6,296","$7,689","$696,651","$697,158",$0,"$1,031","$4,073","$1,081","$2,663","$2,352"
Rocky Mtn,103 - Riverdale,103,12M-15M,40K-50K,"$40,080","$44,909","$16,130","$18,455",$0,$385,"$40,080","$44,909","$16,130","$18,455",$0,$385,"$355,348","$409,368","$144,602","$170,522","$3,239","$14,365","$626,496","$613,944",$0,$0,"$9,770","$6,792","$2,678","$2,364"
Rocky Mtn,104 - Meridian,104,12M-15M,40K-50K,"$28,630","$29,673","$13,749","$12,000",$814,$0,"$28,630","$29,673","$13,749","$12,000",$814,$0,"$246,825","$291,418","$104,533","$120,918","$3,744","$7,452","$538,359","$571,106",$0,$862,"$2,442","$3,054","$2,545","$2,294"
Rocky Mtn,105 - ID Falls,105,9M-12M,40K-50K,"$29,925","$33,284","$13,175","$14,199","$1,995",$0,"$29,925","$33,284","$13,175","$14,199","$1,995",$0,"$273,327","$330,878","$112,006","$134,121","$12,636","$11,678","$557,837","$535,899","$11,795","$13,139","$4,552","$2,090","$2,609","$2,319"
Rocky Mtn,106 - Loveland,106,6M-9M,40K-50K,"$12,448","$17,007","$5,535","$7,966",$0,$0,"$12,448","$17,007","$5,535","$7,966",$0,$0,"$142,171","$179,411","$62,827","$75,658","$3,976","$4,938","$326,638","$369,885","$3,316",$0,"$3,701","$3,584","$2,317","$2,125"
Rocky Mtn,108 - Grand Jctn,108,6M-9M,40K-50K,"$25,078","$28,575","$10,860","$12,778",$0,$439,"$25,078","$28,575","$10,860","$12,778",$0,$439,"$258,545","$296,644","$110,403","$126,561","$3,927","$4,501","$487,689","$453,845","$11,195",$0,"$7,341","$5,797","$2,548","$2,250"
Rocky Mtn,114 - Midvale,114,12M-15M,50K-60K,"$28,769","$40,112","$11,552","$17,540","$1,280","$1,595","$28,769","$40,112","$11,552","$17,540","$1,280","$1,595","$478,633","$540,995","$170,826","$205,014","$43,803","$24,544","$764,700","$789,648",$0,$0,"$48,067","$7,169","$2,665","$2,341"
Rocky Mtn,118 - Twin Falls,118,9M-12M,40K-50K,"$26,143","$33,071","$11,658","$15,245",$160,"$2,113","$26,143","$33,071","$11,658","$15,245",$160,"$2,113","$320,532","$388,874","$134,554","$163,998","$8,102","$10,289","$607,971","$585,166",$0,"$1,161","$7,496","$5,289","$2,634","$2,317"
Rocky Mtn,119 - Thornton,119,6M-9M,40K-50K,"$16,058","$17,503","$7,013","$7,722",$0,"$2,999","$16,058","$17,503","$7,013","$7,722",$0,"$2,999","$176,559","$222,044","$74,964","$92,582","$3,561","$8,814","$359,254","$405,597",$0,$0,"$7,793","$3,523","$2,452","$2,199"
Rocky Mtn,137 - Casper,137,6M-9M,40K-50K,"$19,193","$25,125","$8,689","$11,737",$0,$0,"$19,193","$25,125","$8,689","$11,737",$0,$0,"$222,170","$246,525","$96,371","$106,938","$2,869","$7,756","$451,957","$450,187","$10,761",$0,"$3,608","$3,611","$2,561","$2,271"
Rocky Mtn,138 - CO Springs,138,6M-9M,50K-60K,"$15,327","$13,640","$6,531","$6,251",$159,$0,"$15,327","$13,640","$6,531","$6,251",$159,$0,"$146,669","$176,537","$63,253","$75,758","$3,304","$6,723","$313,392","$365,106",$0,"$7,192","$3,923","$3,238","$2,368","$2,126"
Rocky Mtn,178 - Cedar City,178,6M-9M,Less than 20K,"$21,882","$19,868","$9,316","$9,061","$2,165",$0,"$21,882","$19,868","$9,316","$9,061","$2,165",$0,"$233,804","$240,877","$98,148","$104,329","$5,720","$5,340","$335,766","$284,896",$0,$0,"$6,665","$4,772","$2,084","$1,837"
Rocky Mtn,182 - Pueblo,182,Less than 6M,Less than 20K,"$13,098","$13,756","$5,880","$6,248",$0,$0,"$13,098","$13,756","$5,880","$6,248",$0,$0,"$130,525","$156,764","$57,960","$66,543","$2,657","$7,464","$195,851","$213,662","$5,325","$2,312","$4,223","$2,426","$1,976","$1,746"
Rocky Mtn,188 - Spokane Valley,188,6M-9M,30K-40K,"$10,057","$21,282","$4,676","$8,897",$0,$507,"$10,057","$21,282","$4,676","$8,897",$0,$507,"$125,852","$183,115","$54,547","$78,238","$3,386","$5,911","$295,276","$324,256","$6,774","$9,255","$5,452",$196,"$2,317","$2,086"
Rocky Mtn,190 - Sheridan WY,190,Less than 6M,Less than 20K,"$8,921","$12,485","$3,583","$5,723",$0,$0,"$8,921","$12,485","$3,583","$5,723",$0,$0,"$90,644","$113,028","$36,881","$47,441","$1,228","$1,956","$181,511","$227,478","$5,497",$0,"$1,084","$1,751","$1,845","$1,654"
Rocky Mtn,201 - Missoula,201,6M-9M,40K-50K,"$20,654","$20,283","$9,027","$8,893","$1,374",$496,"$20,654","$20,283","$9,027","$8,893","$1,374",$496,"$199,588","$218,350","$82,818","$91,816","$12,284","$4,490","$412,113","$455,504","$9,068",$0,"$4,492","$4,158","$2,428","$2,172"
Rocky Mtn,202 - Helena,202,9M-12M,40K-50K,"$35,986","$37,943","$15,718","$17,607",$0,$420,"$35,986","$37,943","$15,718","$17,607",$0,$420,"$341,095","$366,556","$147,196","$157,918","$12,885","$8,334","$518,076","$523,427","$12,741","$1,734","$6,658","$3,406","$2,596","$2,259"
Rocky Mtn,203 - Bozeman,203,12M-15M,40K-50K,"$56,937","$58,367","$23,705","$26,025",$0,$764,"$56,937","$58,367","$23,705","$26,025",$0,$764,"$437,651","$464,440","$183,475","$194,967","$22,199","$18,912","$688,774","$746,188","$17,864","$14,280","$15,551","$4,043","$2,712","$2,311"
Rocky Mtn,206 - Bend,206,15M-18M,40K-50K,"$51,192","$51,223","$21,742","$21,003",$41,"$1,172","$51,192","$51,223","$21,742","$21,003",$41,"$1,172","$476,197","$509,317","$199,992","$212,807","$16,668","$16,111","$695,896","$796,499","$16,070","$4,084","$8,012","$2,150","$2,689","$2,327"
Rocky Mtn,214 - Parker,214,6M-9M,50K-60K,"$9,845","$16,977","$4,231","$7,551",$0,$0,"$9,845","$16,977","$4,231","$7,551",$0,$0,"$156,377","$200,395","$66,010","$81,811","$3,046","$3,778","$372,704","$421,671",$855,"$9,463","$3,461","$3,895","$2,409","$2,160"
Rocky Mtn,216 - Laramie,216,Less than 6M,Less than 20K,"$6,261","$5,616","$2,865","$2,374",$0,"$1,233","$6,261","$5,616","$2,865","$2,374",$0,"$1,233","$78,143","$82,806","$30,469","$33,400","$2,373","$2,864","$163,660","$166,881",$0,$0,"$1,894","$1,178","$1,617","$1,445"
Rocky Mtn,224 - Nampa,224,12M-15M,40K-50K,"$24,947","$25,148","$10,788","$11,883","$1,476",$445,"$24,947","$25,148","$10,788","$11,883","$1,476",$445,"$244,680","$301,711","$105,705","$126,198","$4,533","$8,641","$475,949","$508,699","$8,331","$13,258","$3,074","$2,064","$2,527","$2,249"
Rocky Mtn,226 - Lewiston,226,6M-9M,40K-50K,"$16,422","$22,524","$7,585","$10,324",$0,$61,"$16,422","$22,524","$7,585","$10,324",$0,$61,"$202,682","$231,525","$86,560","$97,312","$2,198","$2,357","$349,378","$341,300","$7,950","$9,399",$949,"$1,559","$2,487","$2,180"
Rocky Mtn,227 - Cheyenne,227,6M-9M,30K-40K,"$15,234","$19,109","$6,996","$8,091",$0,$0,"$15,234","$19,109","$6,996","$8,091",$0,$0,"$184,432","$203,754","$78,838","$84,236","$2,362","$4,906","$298,527","$294,005","$7,599","$7,833","$3,109","$2,242","$2,405","$2,091"
Rocky Mtn,228 - Logan,228,6M-9M,30K-40K,"$23,536","$22,304","$10,590","$9,901",$0,"$1,200","$23,536","$22,304","$10,590","$9,901",$0,"$1,200","$212,648","$236,726","$89,976","$94,092","$6,540","$5,359","$352,912","$357,604",$0,$0,"$4,639","$2,595","$2,416","$2,137"
Rocky Mtn,234 - Vernal,234,Less than 6M,30K-40K,"$14,393","$23,721","$6,547","$10,166",$0,$0,"$14,393","$23,721","$6,547","$10,166",$0,$0,"$170,581","$211,843","$74,882","$91,280","$1,672","$4,435","$324,786","$320,266",$0,$0,"$5,131","$3,355","$2,427","$2,162"
Rocky Mtn,236 - Pocatello,236,6M-9M,30K-40K,"$24,221","$25,464","$10,911","$11,233",$0,$232,"$24,221","$25,464","$10,911","$11,233",$0,$232,"$212,829","$228,095","$93,004","$96,676","$10,508","$6,535","$411,411","$403,357","$9,107",$0,"$2,518","$15,276","$2,458","$2,184"
Rocky Mtn,237 - Spokane,237,6M-9M,30K-40K,"$15,088","$18,211","$7,025","$8,829",$0,$0,"$15,088","$18,211","$7,025","$8,829",$0,$0,"$135,800","$187,714","$59,841","$79,870",$340,"$1,029","$288,493","$325,622","$5,482","$9,338","$8,622",$456,"$2,252","$2,004"
Rocky Mtn,240 - Heber City,240,Less than 6M,Less than 20K,"$16,912","$21,300","$7,601","$9,432",$0,$0,"$16,912","$21,300","$7,601","$9,432",$0,$0,"$146,611","$183,035","$64,868","$75,903","$1,778","$3,834","$287,933","$294,895","$2,162",$0,"$3,646","$2,770","$2,016","$1,794"
Rocky Mtn,243 - Sheridan CO,243,6M-9M,30K-40K,"$18,238","$23,102","$7,585","$11,059",$0,"$1,095","$18,238","$23,102","$7,585","$11,059",$0,"$1,095","$181,933","$205,034","$78,283","$90,781","$3,685","$8,788","$271,756","$290,435","$7,186","$6,844","$6,384","$4,238","$2,367","$2,064"
Rocky Mtn,246 - South Jordan,246,6M-9M,30K-40K,"$16,907","$20,163","$7,166","$8,491",$0,"$1,049","$16,907","$20,163","$7,166","$8,491",$0,"$1,049","$191,230","$207,096","$75,919","$83,980","$4,020","$9,173","$385,350","$390,207",$0,$0,"$7,215","$4,762","$2,427","$2,168"
Rocky Mtn,254 - Rock Springs,254,Less than 6M,Less than 20K,"$11,024","$15,414","$4,256","$6,017",$0,$0,"$11,024","$15,414","$4,256","$6,017",$0,$0,"$106,104","$130,116","$40,589","$53,888","$1,948","$5,445","$235,938","$260,595",$0,$0,"$1,469","$1,546","$1,913","$1,733"
Rocky Mtn,255 - Gillette,255,Less than 6M,Less than 20K,"$13,740","$16,980","$6,022","$7,873",$0,$0,"$13,740","$16,980","$6,022","$7,873",$0,$0,"$154,645","$179,036","$63,465","$78,677","$1,491","$5,067","$217,125","$257,149",$0,$0,"$3,063","$1,812","$2,010","$1,795"
Rocky Mtn,261 - Stansbury,261,Less than 6M,Less than 20K,"$9,476","$7,319","$3,778","$3,308",$0,$257,"$9,476","$7,319","$3,778","$3,308",$0,$257,"$91,941","$100,934","$37,895","$42,250","$1,835","$1,863","$179,074","$194,699",$0,$0,"$1,556","$2,001","$1,678","$1,509"
Rocky Mtn,262 - Riverton,262,Less than 6M,Less than 20K,"$7,330","$4,784","$3,121","$2,117",$382,$420,"$7,330","$4,784","$3,121","$2,117",$382,$420,"$61,708","$75,441","$24,385","$29,861","$1,285","$2,397","$175,481","$206,498",$0,$0,$663,$798,"$1,668","$1,531"
Rocky Mtn,263 - Saratoga Springs,263,6M-9M,30K-40K,"$18,316","$18,755","$8,635","$8,458",$354,$649,"$18,316","$18,755","$8,635","$8,458",$354,$649,"$187,129","$229,330","$80,307","$92,514","$4,059","$5,764","$377,520","$396,238",$0,$0,"$2,176","$1,144","$2,419","$2,151"
Rocky Mtn,269 - Montrose,269,Less than 6M,Less than 20K,"$8,788","$11,508","$4,051","$4,607",$0,$0,"$8,788","$11,508","$4,051","$4,607",$0,$0,"$104,454","$121,909","$44,389","$52,028","$1,256","$1,794","$180,797","$201,991",$0,"$3,979","$2,463","$2,327","$1,802","$1,599"
Rocky Mtn,277 - Colorado Springs,277,Less than 6M,30K-40K,"$9,993","$7,909","$4,341","$3,785",$0,$208,"$9,993","$7,909","$4,341","$3,785",$0,$208,"$102,164","$108,955","$43,477","$47,503","$1,694","$1,982","$231,528","$289,464",$0,"$5,067","$1,595","$1,734","$2,094","$1,843"
Rocky Mtn,400 - Legacy,400,Less than 6M,Less than 20K,$126,$129,$43,$69,$0,$0,$126,$129,$43,$69,$0,$0,"$3,004","$1,816","$1,006",$847,$459,$0,"$6,426","$7,839",$0,$0,$28,$0,$95,$85
Midwest,120 - Ankeny,120,6M-9M,40K-50K,"$13,706","$15,627","$6,428","$7,418",$377,$685,"$13,706","$15,627","$6,428","$7,418",$377,$685,"$132,572","$164,698","$59,617","$70,357","$2,567","$4,722","$280,334","$345,165","$4,510","$12,995","$3,009","$1,934","$2,324","$2,121"
Midwest,193 - Coon Rapids,193,6M-9M,40K-50K,"$14,316","$19,296","$6,434","$9,648",$0,$0,"$14,316","$19,296","$6,434","$9,648",$0,$0,"$138,401","$172,609","$60,653","$73,098","$2,699","$5,443","$270,731","$323,212",$0,"$4,443","$7,441","$4,880","$2,200","$1,949"
Midwest,194 - Lansing,194,6M-9M,30K-40K,"$16,496","$17,227","$7,223","$7,723",$0,$0,"$16,496","$17,227","$7,223","$7,723",$0,$0,"$161,014","$176,790","$67,407","$74,347","$2,897","$4,073","$283,753","$296,241","$8,940","$9,955","$3,968","$5,367","$2,357","$2,060"
Midwest,195 - Fort Wayne,195,6M-9M,20K-30K,"$14,094","$16,789","$5,678","$7,472",$0,$129,"$14,094","$16,789","$5,678","$7,472",$0,$129,"$137,166","$152,304","$54,854","$62,970","$3,305","$3,743","$246,108","$298,021","$5,223","$3,819","$4,273","$3,988","$2,282","$2,007"
Midwest,199 - Grand Island,199,Less than 6M,30K-40K,"$9,140","$12,936","$4,507","$6,207",$135,$0,"$9,140","$12,936","$4,507","$6,207",$135,$0,"$116,690","$129,192","$48,201","$54,476","$2,546","$3,469","$237,824","$286,749","$3,857","$5,599","$1,940","$1,615","$2,163","$1,928"
Midwest,242 - Williston,242,6M-9M,30K-40K,"$21,943","$24,992","$9,859","$12,276",$0,"$2,852","$21,943","$24,992","$9,859","$12,276",$0,"$2,852","$200,969","$224,947","$85,814","$98,946","$4,422","$8,307","$316,476","$329,141",$0,"$7,533","$5,813","$2,396","$2,467","$2,088"
Midwest,260 - Greenwood,260,Less than 6M,30K-40K,"$8,542","$8,926","$3,769","$3,620",$279,$167,"$8,542","$8,926","$3,769","$3,620",$279,$167,"$110,685","$106,848","$46,942","$46,032","$2,527","$2,972","$213,334","$302,960","$4,721","$5,299","$2,911","$2,702","$2,158","$1,906"
Midwest,601 - Troy,601,9M-12M,50K-60K,"$15,998","$15,569","$7,589","$6,915",$0,$388,"$15,998","$15,569","$7,589","$6,915",$0,$388,"$174,323","$184,522","$72,239","$77,410","$3,877","$25,960","$375,694","$468,067","$6,167","$6,322","$29,637","$4,235","$2,426","$2,146"
Southwest,117 - Phoenix,117,Greater than 18M,40K-50K,"$33,017","$41,600","$14,553","$18,477",$0,"$2,664","$33,017","$41,600","$14,553","$18,477",$0,"$2,664","$500,679","$595,886","$217,241","$253,925","$5,746","$17,131","$666,764","$697,266","$15,052",$0,"$11,721","$6,970","$2,700","$2,340"
Southwest,123 - Reno,123,9M-12M,50K-60K,"$24,751","$28,484","$11,102","$13,036",$0,$845,"$24,751","$28,484","$11,102","$13,036",$0,$845,"$299,485","$325,053","$125,538","$138,022","$13,079","$8,691","$510,631","$523,504","$12,574","$15,642","$2,713","$1,927","$2,526","$2,214"
Southwest,126 - Albuquerque,126,15M-18M,40K-50K,"$32,670","$39,520","$13,529","$16,410",$0,$0,"$32,670","$39,520","$13,529","$16,410",$0,$0,"$400,535","$441,197","$166,894","$177,015","$5,778","$13,481","$615,148","$635,946","$13,653","$18,136","$8,920","$5,068","$2,629","$2,265"
Southwest,132 - Tucson,132,15M-18M,40K-50K,"$22,921","$37,113","$10,028","$16,329",$0,$0,"$22,921","$37,113","$10,028","$16,329",$0,$0,"$364,968","$439,927","$154,249","$188,316","$8,786","$9,367","$627,732","$630,864","$12,397",$0,"$9,827","$9,625","$2,637","$2,326"
Southwest,139 - Mesa,139,Greater than 18M,40K-50K,"$29,634","$43,214","$13,537","$19,221",$0,"$1,040","$29,634","$43,214","$13,537","$19,221",$0,"$1,040","$446,155","$612,072","$198,136","$257,219","$6,644","$11,652","$722,714","$772,896","$19,787",$0,"$13,539","$7,001","$2,697","$2,388"
Southwest,148 - St George,148,9M-12M,40K-50K,"$25,278","$41,065","$10,775","$19,543",$857,$799,"$25,278","$41,065","$10,775","$19,543",$857,$799,"$328,635","$414,857","$142,536","$181,148","$5,320","$10,081","$572,403","$522,712","$7,756",$0,"$4,165","$3,566","$2,581","$2,280"
Southwest,181 - Yuma,181,6M-9M,30K-40K,"$18,712","$21,131","$7,832","$9,425",$0,$0,"$18,712","$21,131","$7,832","$9,425",$0,$0,"$274,863","$287,418","$121,372","$130,336","$4,617","$7,724","$295,453","$299,930",$0,$0,"$5,867","$6,487","$2,384","$2,076"
Southwest,187 - Henderson,187,9M-12M,40K-50K,"$15,710","$20,875","$7,058","$8,959",$0,"$3,240","$15,710","$20,875","$7,058","$8,959",$0,"$3,240","$213,021","$249,001","$90,353","$107,469","$4,352","$9,426","$357,887","$396,444",$0,"$10,058","$4,630","$2,940","$2,453","$2,160"
Southwest,222 - Las Vegas,222,12M-15M,50K-60K,"$22,522","$30,798","$9,830","$12,707",$329,$0,"$22,522","$30,798","$9,830","$12,707",$329,$0,"$339,163","$358,806","$148,265","$154,822","$5,477","$9,305","$425,985","$458,946",$166,"$2,249","$9,361","$4,306","$2,550","$2,201"
Southwest,225 - Farmington,225,6M-9M,30K-40K,"$21,107","$22,800","$9,127","$10,392",$0,$135,"$21,107","$22,800","$9,127","$10,392",$0,$135,"$270,179","$303,370","$118,215","$131,827","$2,696","$8,412","$369,323","$330,673","$8,387","$11,131","$4,956","$4,964","$2,526","$2,132"
Southwest,229 - Carson City,229,9M-12M,40K-50K,"$22,719","$27,964","$10,332","$12,352",$0,"$1,004","$22,719","$27,964","$10,332","$12,352",$0,"$1,004","$255,377","$261,310","$112,774","$115,159","$12,596","$7,957","$348,041","$358,767","$10,351","$9,877","$3,045","$1,015","$2,460","$2,146"
Southwest,239 - Flagstaff,239,9M-12M,30K-40K,"$27,381","$36,442","$12,177","$16,975",$0,"$1,161","$27,381","$36,442","$12,177","$16,975",$0,"$1,161","$328,516","$343,115","$144,658","$150,521","$7,843","$12,799","$406,825","$373,924","$16,626","$12,098","$5,929","$7,906","$2,572","$2,177"
Southwest,244 - Show Low,244,6M-9M,20K-30K,"$18,825","$21,388","$8,618","$9,619",$0,"$1,267","$18,825","$21,388","$8,618","$9,619",$0,"$1,267","$212,038","$231,613","$95,159","$100,619","$3,743","$12,944","$271,549","$254,552",$0,"$1,936","$6,752","$3,563","$2,371","$2,043"
Southwest,251 - Las Cruces,251,6M-9M,20K-30K,"$22,985","$19,497","$9,965","$8,222",$292,$96,"$22,985","$19,497","$9,965","$8,222",$292,$96,"$268,549","$275,687","$117,517","$115,343","$4,811","$13,782","$286,134","$294,632",$0,"$9,758","$8,233","$4,703","$2,419","$2,050"
Southwest,252 - Avondale,252,9M-12M,30K-40K,"$16,794","$14,206","$6,771","$6,608",$0,$79,"$16,794","$14,206","$6,771","$6,608",$0,$79,"$183,960","$222,665","$79,407","$96,861","$4,527","$8,221","$326,343","$361,058","$7,464","$10,057","$3,501","$2,307","$2,372","$2,134"
Southwest,253 - Prescott,253,6M-9M,Less than 20K,"$15,457","$14,926","$6,758","$7,228","$1,332",$0,"$15,457","$14,926","$6,758","$7,228","$1,332",$0,"$196,728","$209,942","$85,818","$92,945","$3,519","$4,645","$237,620","$238,745",$0,"$7,151","$5,036","$3,159","$2,116","$1,837"
Southwest,257 - Chandler,257,6M-9M,30K-40K,"$11,295","$13,258","$5,306","$6,244",$0,$0,"$11,295","$13,258","$5,306","$6,244",$0,$0,"$162,829","$181,858","$74,183","$83,100","$3,816","$8,395","$307,148","$350,705","$5,684","$8,222","$4,333","$2,741","$2,307","$2,056"
Southwest,284 - South Tucson,284,Less than 6M,30K-40K,"$8,619","$13,823","$3,837","$7,072",$0,$0,"$8,619","$13,823","$3,837","$7,072",$0,$0,"$171,790","$191,743","$75,792","$85,159","$3,469","$4,401","$286,880","$294,305",$0,$0,"$3,578","$7,369","$2,178","$1,935"
Southwest,287 - Surprise,287,Less than 6M,30K-40K,"$13,208",,"$5,965",,$0,,"$13,208",,"$5,965",,$0,,"$189,447",,"$83,813",,"$2,795",,"$281,816",,"$6,339",,"$4,177",,"$2,029","$1,802"
California,149 - Rocklin,149,9M-12M,50K-60K,"$15,961","$18,140","$7,165","$7,869",$329,"$1,113","$15,961","$18,140","$7,165","$7,869",$329,"$1,113","$184,447","$207,025","$81,214","$88,152","$2,881","$5,250","$330,143","$404,314","$5,030",$0,"$2,070","$1,129","$2,344","$2,110"
California,176 - Fairfield,176,6M-9M,30K-40K,"$12,774","$12,594","$5,687","$5,548","$1,352",$0,"$12,774","$12,594","$5,687","$5,548","$1,352",$0,"$166,670","$189,693","$76,395","$84,961","$6,069","$3,876","$285,211","$315,181",$0,"$11,051","$2,953","$1,025","$2,278","$2,024"
California,183 - Visalia,183,6M-9M,30K-40K,"$19,136","$20,567","$8,098","$9,248",$0,"$2,126","$19,136","$20,567","$8,098","$9,248",$0,"$2,126","$196,879","$222,791","$87,605","$96,662","$2,905","$3,204","$257,764","$290,370",$0,$0,"$3,679","$2,292","$2,277","$2,014"
California,184 - Eureka,184,Less than 6M,20K-30K,"$18,956","$24,553","$8,851","$11,912","$1,274",$697,"$18,956","$24,553","$8,851","$11,912","$1,274",$697,"$199,081","$219,738","$88,498","$98,581","$3,331","$3,911","$273,121","$296,808","$5,870","$9,747","$1,896","$1,313","$2,295","$2,024"
California,186 - Stockton,186,6M-9M,30K-40K,"$8,739","$11,556","$4,043","$5,296",$517,$0,"$8,739","$11,556","$4,043","$5,296",$517,$0,"$119,914","$158,450","$52,786","$68,521","$2,752","$6,551","$268,883","$310,404","$3,236",$0,"$1,543",$881,"$2,267","$2,000"
California,197 - Brentwood,197,6M-9M,20K-30K,"$10,370","$18,245","$4,521","$8,890","$1,136",$243,"$10,370","$18,245","$4,521","$8,890","$1,136",$243,"$149,476","$170,199","$65,805","$77,223","$6,065","$5,604","$249,217","$288,767","$5,930","$4,492","$1,079",$939,"$2,143","$1,938"
California,198 - Corona,198,6M-9M,Less than 20K,"$8,325","$8,919","$3,733","$3,969",$0,$0,"$8,325","$8,919","$3,733","$3,969",$0,$0,"$117,788","$137,774","$49,296","$57,094","$2,178","$6,194","$179,829","$234,308","$1,180","$4,669","$1,469","$1,625","$2,003","$1,793"
California,217 - Murrieta,217,6M-9M,20K-30K,"$12,632","$13,870","$5,503","$6,429",$456,$0,"$12,632","$13,870","$5,503","$6,429",$456,$0,"$186,089","$194,511","$85,048","$87,386","$3,070","$3,538","$215,937","$232,692","$5,763","$7,295","$2,663","$2,404","$2,150","$1,852"
California,221 - Redding,221,9M-12M,40K-50K,"$31,955","$40,947","$13,909","$20,270",$0,$0,"$31,955","$40,947","$13,909","$20,270",$0,$0,"$382,490","$412,860","$167,324","$186,426","$22,361","$8,122","$514,019","$513,329","$16,303","$12,735","$7,999","$4,716","$2,477","$2,134"
California,232 - Chico,232,9M-12M,40K-50K,"$18,039","$25,980","$7,886","$11,731",$503,"$1,142","$18,039","$25,980","$7,886","$11,731",$503,"$1,142","$230,910","$297,207","$102,976","$129,730","$4,174","$8,072","$373,991","$389,218","$8,743","$15,838","$7,183","$1,560","$2,412","$2,097"
California,233 - Rancho Cordova,233,6M-9M,30K-40K,"$15,727","$15,978","$7,231","$7,486",$27,$14,"$15,727","$15,978","$7,231","$7,486",$27,$14,"$206,175","$224,039","$90,763","$99,100","$3,736","$3,448","$333,259","$322,867","$6,554","$11,022","$2,463",$899,"$2,345","$2,064"
California,238 - Fresno,238,12M-15M,30K-40K,"$25,917","$27,160","$11,108","$12,786",$0,$0,"$25,917","$27,160","$11,108","$12,786",$0,$0,"$293,171","$326,893","$128,326","$145,998","$8,302","$10,785","$395,971","$391,035","$3,322","$9,656","$4,431","$2,884","$2,425","$2,072"
California,247 - Rohnert Park,247,9M-12M,40K-50K,"$18,487","$28,750","$7,610","$13,258",$0,$329,"$18,487","$28,750","$7,610","$13,258",$0,$329,"$270,282","$295,162","$117,635","$131,785","$4,592","$8,165","$363,623","$409,789","$8,661","$9,639","$3,235","$3,147","$2,418","$2,075"
California,259 - Elk Grove,259,6M-9M,40K-50K,"$13,208","$13,904","$6,105","$5,953",$0,$0,"$13,208","$13,904","$6,105","$5,953",$0,$0,"$130,580","$175,080","$56,238","$76,393","$4,629","$21,592","$256,436","$289,113","$4,656","$9,305","$1,030",$546,"$2,190","$1,981"
California,264 - Yuba City,264,Less than 6M,20K-30K,"$10,069","$11,606","$4,508","$5,336",$0,$667,"$10,069","$11,606","$4,508","$5,336",$0,$667,"$141,255","$150,710","$63,012","$67,530","$2,488","$7,316","$212,445","$253,354","$4,775","$6,818",$615,$452,"$2,125","$1,889"
California,266 - Santee,266,6M-9M,Less than 20K,"$8,313","$12,664","$3,732","$5,897",$340,$312,"$8,313","$12,664","$3,732","$5,897",$340,$312,"$170,228","$170,484","$74,775","$77,594","$2,811","$4,086","$185,403","$223,267",$0,"$2,621","$4,550","$3,441","$1,984","$1,729"
California,276 - Moreno Valley,276,Less than 6M,20K-30K,"$7,275","$9,889","$3,500","$4,533",$0,$655,"$7,275","$9,889","$3,500","$4,533",$0,$655,"$103,165","$128,710","$44,590","$56,534","$3,289","$2,468","$193,200","$230,802","$2,546","$4,756","$1,028",$942,"$1,806","$1,662"
Northeast,180 - Morgantown,180,Less than 6M,30K-40K,"$8,147","$12,785","$3,639","$4,297",$427,$0,"$8,147","$12,785","$3,639","$4,297",$427,$0,"$97,177","$138,034","$42,108","$55,287","$2,139","$3,801","$259,593","$332,457",$0,"$7,141","$2,133","$2,553","$2,168","$1,966"
Northeast,215 - Chambersburg,215,6M-9M,30K-40K,"$14,167","$15,789","$6,463","$7,335",$0,$575,"$14,167","$15,789","$6,463","$7,335",$0,$575,"$150,965","$175,860","$66,236","$76,607","$3,553","$5,322","$254,937","$291,317","$5,101","$8,203","$4,381","$6,195","$2,220","$1,957"
Northeast,219 - Robinson Township,219,Less than 6M,20K-30K,"$7,807","$3,664","$3,121","$1,451",$0,$446,"$7,807","$3,664","$3,121","$1,451",$0,$446,"$97,783","$114,431","$41,133","$46,648","$3,210","$5,813","$209,613","$252,292","$3,716","$7,977","$2,419","$4,454","$2,074","$1,857"
Northeast,220 - Traverse City,220,6M-9M,30K-40K,"$12,876","$12,900","$6,464","$5,823",$32,$800,"$12,876","$12,900","$6,464","$5,823",$32,$800,"$132,233","$166,675","$58,541","$71,873","$4,469","$4,656","$231,897","$278,168","$4,847",$0,"$4,055","$4,259","$2,301","$2,014"
Northeast,258 - Warminster,258,6M-9M,20K-30K,"$12,265","$14,980","$5,556","$6,972",$215,$0,"$12,265","$14,980","$5,556","$6,972",$215,$0,"$138,577","$149,966","$61,355","$66,728","$3,866","$6,032","$226,734","$242,987","$5,901","$8,246","$3,519","$5,669","$2,237","$1,915"
Northeast,265 - Eastgate,265,Less than 6M,20K-30K,"$8,958","$11,125","$3,895","$5,074",$694,$0,"$8,958","$11,125","$3,895","$5,074",$694,$0,"$105,385","$108,221","$44,908","$46,842","$3,038","$4,862","$198,154","$260,348","$4,355",$0,"$2,475","$3,925","$2,122","$1,866"
Northeast,270 - Brownsburg,270,Less than 6M,20K-30K,"$11,779","$9,816","$4,721","$4,142",$28,$184,"$11,779","$9,816","$4,721","$4,142",$28,$184,"$94,713","$88,410","$40,446","$37,949","$1,793","$2,142","$225,434","$284,089","$4,380","$4,534","$2,409","$2,865","$2,094","$1,891"
Northeast,273 - Parkersburg,273,Less than 6M,20K-30K,"$8,574","$11,831","$3,953","$5,334",$0,$0,"$8,574","$11,831","$3,953","$5,334",$0,$0,"$104,373","$120,199","$45,117","$52,702","$3,053","$3,210","$212,817","$263,470","$4,187","$5,139","$2,503","$3,601","$2,137","$1,919"
Northeast,274 - Wausau,274,Less than 6M,Greater than 60K,"$13,472","$24,166","$6,425","$11,594",$0,$0,"$13,472","$24,166","$6,425","$11,594",$0,$0,"$158,800","$206,096","$69,615","$90,933","$1,304","$4,019","$353,064","$481,292","$7,509","$34,836","$4,054","$3,944","$2,298","$2,039"
Northeast,275 - Racine,275,Less than 6M,30K-40K,"$6,779","$6,861","$2,549","$2,965",$0,$0,"$6,779","$6,861","$2,549","$2,965",$0,$0,"$88,674","$93,905","$36,082","$39,075","$2,792","$4,227","$246,609","$308,814",$0,"$5,448","$1,934","$1,680","$2,098","$1,888"
Northeast,604 - Horseheads,604,9M-12M,50K-60K,"$21,928","$23,611","$10,243","$10,101",$0,$46,"$21,928","$23,611","$10,243","$10,101",$0,$46,"$215,191","$253,349","$93,208","$107,637","$1,696","$27,732","$449,466","$507,026","$6,050","$10,609","$23,216","$3,756","$2,404","$2,134"
Northeast,605 - Rochester,605,9M-12M,50K-60K,"$18,963","$23,640","$9,216","$11,049",$753,"$22,440","$18,963","$23,640","$9,216","$11,049",$753,"$22,440","$201,239","$222,335","$87,767","$98,052","$4,048","$27,884","$391,507","$496,729","$12,348","$13,089","$31,625","$5,598","$2,379","$2,083"
Northeast,606 - Altoona,606,9M-12M,50K-60K,"$23,854","$24,579","$10,458","$10,663",$0,$621,"$23,854","$24,579","$10,458","$10,663",$0,$621,"$229,389","$294,852","$100,578","$120,517","$3,645","$27,585","$440,398","$483,737","$7,909","$11,077","$27,741","$7,022","$2,507","$2,184"
Northeast,607 - Camp Hill,607,9M-12M,50K-60K,"$19,022","$20,586","$8,413","$9,539","$1,079","$1,822","$19,022","$20,586","$8,413","$9,539","$1,079","$1,822","$185,714","$234,140","$80,717","$100,564","$3,732","$29,973","$395,752","$468,784","$6,130","$12,817","$26,958","$6,181","$2,466","$2,152"
Northeast,608 - Washington,608,9M-12M,50K-60K,"$19,835","$19,792","$8,959","$8,831",$22,$110,"$19,835","$19,792","$8,959","$8,831",$22,$110,"$203,555","$238,130","$89,875","$99,172","$3,285","$27,633","$388,202","$436,987","$6,506","$14,045","$23,768","$9,459","$2,469","$2,132"
Northeast,610 - Kalamazoo,610,9M-12M,50K-60K,"$18,259","$23,905","$8,521","$10,944",$846,$542,"$18,259","$23,905","$8,521","$10,944",$846,$542,"$233,211","$245,898","$100,489","$106,627","$3,803","$28,894","$363,814","$433,466",$0,$0,"$30,999","$4,877","$2,497","$2,143"
Northeast,611 - Erie,611,9M-12M,50K-60K,"$22,884","$23,805","$10,384","$9,781",$0,$0,"$22,884","$23,805","$10,384","$9,781",$0,$0,"$231,526","$267,000","$101,038","$113,183","$2,756","$27,788","$416,067","$468,385","$7,438","$10,476","$22,766","$4,009","$2,503","$2,179"
Northwest,158 - Medford,158,12M-15M,50K-60K,"$34,525","$40,077","$14,683","$18,083",$0,$393,"$34,525","$40,077","$14,683","$18,083",$0,$393,"$396,145","$477,854","$162,901","$205,093","$5,860","$7,401","$642,097","$586,362","$18,584","$19,477","$5,321","$3,252","$2,736","$2,356"
Northwest,179 - Moses Lake,179,6M-9M,20K-30K,"$12,792","$18,453","$5,550","$8,990",$595,$679,"$12,792","$18,453","$5,550","$8,990",$595,$679,"$151,378","$199,744","$66,286","$85,799","$2,150","$4,751","$247,502","$265,100",$0,$0,"$3,789","$5,250","$2,061","$1,862"
Northwest,185 - Everett,185,9M-12M,30K-40K,"$11,941","$16,302","$5,614","$7,510",$329,$0,"$11,941","$16,302","$5,614","$7,510",$329,$0,"$141,992","$176,058","$61,418","$76,775","$1,520","$5,453","$318,541","$366,718","$9,065","$7,179","$1,735",$475,"$2,310","$2,088"
Northwest,189 - Walla Walla,189,Less than 6M,Less than 20K,"$13,649","$13,474","$5,815","$6,283",$0,$0,"$13,649","$13,474","$5,815","$6,283",$0,$0,"$119,918","$140,444","$50,619","$58,016","$1,560","$4,185","$182,920","$239,419",$0,$0,"$2,627","$4,978","$1,854","$1,670"
Northwest,204 - Portland,204,12M-15M,40K-50K,"$31,761","$34,512","$13,373","$14,758","$1,418","$2,676","$31,761","$34,512","$13,373","$14,758","$1,418","$2,676","$331,347","$393,556","$135,949","$154,329","$16,909","$7,744","$555,251","$577,656","$13,046","$16,095","$3,396","$1,721","$2,664","$2,345"
Northwest,205 - Salem,205,12M-15M,40K-50K,"$35,304","$33,049","$14,564","$14,939",$237,"$1,995","$35,304","$33,049","$14,564","$14,939",$237,"$1,995","$317,050","$376,824","$130,458","$155,714","$5,170","$6,222","$516,172","$524,407","$9,117","$14,715","$3,280","$2,344","$2,617","$2,301"
Northwest,207 - Kennewick,207,12M-15M,40K-50K,"$25,873","$35,186","$11,632","$16,291",$0,$0,"$25,873","$35,186","$11,632","$16,291",$0,$0,"$284,268","$348,117","$121,861","$146,865","$4,790","$10,782","$517,141","$518,535","$7,971","$14,511","$10,111","$12,202","$2,547","$2,246"
Northwest,208 - Vancouver,208,15M-18M,40K-50K,"$32,921","$41,738","$15,004","$18,582","$1,473","$3,915","$32,921","$41,738","$15,004","$18,582","$1,473","$3,915","$308,670","$399,547","$137,523","$171,864","$14,807","$10,639","$497,614","$535,658","$10,650","$16,541","$4,631","$2,375","$2,551","$2,191"
Northwest,209 - Silverdale,209,9M-12M,40K-50K,"$22,767","$20,292","$10,233","$10,015","$1,217",$0,"$22,767","$20,292","$10,233","$10,015","$1,217",$0,"$200,669","$258,084","$87,329","$115,200","$3,858","$5,374","$347,213","$405,653","$1,800","$9,155","$12,264",$696,"$2,400","$2,106"
Northwest,210 - Federal Way,210,9M-12M,40K-50K,"$14,961","$18,947","$6,970","$8,228",$0,$0,"$14,961","$18,947","$6,970","$8,228",$0,$0,"$171,249","$208,431","$74,987","$87,812","$12,191","$8,628","$339,130","$396,314","$6,990","$10,790","$6,514",$679,"$2,321","$2,076"
Northwest,213 - Puyallup,213,9M-12M,50K-60K,"$19,879","$21,704","$8,630","$9,704",$0,$598,"$19,879","$21,704","$8,630","$9,704",$0,$598,"$192,599","$234,651","$80,570","$98,899","$4,084","$7,617","$362,958","$410,010",$0,"$12,416","$11,907",$567,"$2,422","$2,121"
Northwest,218 - Bellingham,218,Less than 6M,20K-30K,"$14,842","$12,460","$6,919","$5,321",$0,$0,"$14,842","$12,460","$6,919","$5,321",$0,$0,"$123,292","$115,804","$53,382","$46,815","$2,954","$2,540","$207,332","$256,751",$0,"$6,428","$4,961","$4,658","$2,079","$1,838"
Northwest,230 - Hillsboro,230,12M-15M,40K-50K,"$25,719","$31,663","$10,483","$14,084",$42,"$2,129","$25,719","$31,663","$10,483","$14,084",$42,"$2,129","$285,966","$357,044","$113,090","$142,454","$22,910","$26,022","$556,853","$490,469","$15,509","$12,866","$2,668","$35,575","$2,589","$2,279"
Northwest,231 - Wenatchee,231,6M-9M,40K-50K,"$15,526","$16,018","$7,354","$7,548",$0,$154,"$15,526","$16,018","$7,354","$7,548",$0,$154,"$148,022","$164,172","$64,632","$73,067","$2,723","$6,068","$280,776","$321,443",$0,$0,"$4,520","$4,637","$2,246","$1,998"
Northwest,235 - Kelso,235,6M-9M,40K-50K,"$17,992","$17,706","$7,681","$7,944","$1,286","$1,361","$17,992","$17,706","$7,681","$7,944","$1,286","$1,361","$183,151","$201,633","$79,676","$87,829","$5,547","$6,769","$322,439","$342,694",$0,"$8,832","$9,130",$282,"$2,339","$2,042"
Northwest,241 - Klamath,241,Less than 6M,20K-30K,"$14,570","$14,662","$5,843","$7,212",$250,$332,"$14,570","$14,662","$5,843","$7,212",$250,$332,"$147,317","$156,930","$61,593","$70,913","$1,573","$2,190","$210,532","$238,647","$4,164","$7,409","$1,526",$659,"$1,990","$1,777"
Northwest,245 - Albany,245,6M-9M,30K-40K,"$19,698","$23,973","$8,689","$10,071",$704,$0,"$19,698","$23,973","$8,689","$10,071",$704,$0,"$199,746","$237,396","$84,301","$96,349","$3,703","$5,116","$332,700","$317,577","$8,986","$8,693","$1,701","$1,013","$2,390","$2,124"
Northwest,249 - Roseburg,249,6M-9M,30K-40K,"$24,681","$22,773","$10,524","$10,783",$376,$143,"$24,681","$22,773","$10,524","$10,783",$376,$143,"$233,149","$232,628","$98,049","$99,897","$1,910","$5,264","$378,953","$340,482","$13,544","$17,633","$2,704","$1,909","$2,417","$2,136"
Northwest,278 - Sequim,278,Less than 6M,20K-30K,"$7,660","$8,348","$3,547","$3,914",$0,$0,"$7,660","$8,348","$3,547","$3,914",$0,$0,"$81,398","$99,791","$36,811","$44,536","$1,123",$915,"$211,616","$258,420","$3,565","$5,136",$0,$841,"$2,060","$1,855"
Southeast,152 - Chattanooga,152,9M-12M,Greater than 60K,"$15,366","$13,370","$6,632","$5,867",$256,$301,"$15,366","$13,370","$6,632","$5,867",$256,$301,"$177,561","$211,606","$82,201","$92,184","$2,791","$7,208","$330,208","$375,496","$8,197","$9,599","$4,962","$8,164","$2,433","$2,159"
Southeast,155 - Columbia,155,9M-12M,Greater than 60K,"$18,034","$23,556","$8,406","$10,473",$843,"$1,141","$18,034","$23,556","$8,406","$10,473",$843,"$1,141","$254,582","$336,089","$115,643","$149,437","$6,980","$11,964","$379,293","$415,028","$7,559","$15,882","$7,010","$8,147","$2,475","$2,144"
Southeast,163 - Lexington,163,6M-9M,40K-50K,"$11,983","$12,032","$5,301","$5,623",$0,$493,"$11,983","$12,032","$5,301","$5,623",$0,$493,"$138,816","$156,027","$59,318","$67,050","$2,763","$4,759","$304,716","$364,506",$0,$0,"$4,301","$7,886","$2,283","$2,038"
Southeast,177 - Wilmington,177,6M-9M,30K-40K,"$10,129","$17,392","$4,807","$7,699",$20,$429,"$10,129","$17,392","$4,807","$7,699",$20,$429,"$167,611","$193,602","$76,256","$84,696","$2,151","$6,182","$278,520","$304,232",$0,$0,"$5,907","$7,991","$2,349","$2,049"
Southeast,191 - Anderson,191,6M-9M,30K-40K,"$11,865","$9,428","$4,960","$4,252",$621,"$1,982","$11,865","$9,428","$4,960","$4,252",$621,"$1,982","$151,113","$160,025","$64,728","$69,443","$4,663","$6,918","$252,434","$295,828","$7,855",$0,"$4,857","$6,513","$2,312","$2,028"
Southeast,196 - Murfreesboro,196,9M-12M,30K-40K,"$13,524","$14,954","$6,159","$6,322",$0,"$2,017","$13,524","$14,954","$6,159","$6,322",$0,"$2,017","$193,676","$224,669","$86,266","$97,015","$5,014","$12,375","$277,918","$337,821","$8,153",$0,"$5,405","$8,753","$2,360","$2,016"
Southeast,211 - Southaven,211,6M-9M,40K-50K,"$12,320","$16,380","$5,753","$6,530",$0,$118,"$12,320","$16,380","$5,753","$6,530",$0,$118,"$164,719","$176,707","$73,351","$74,533","$3,238","$6,260","$294,924","$343,712",$0,$0,"$3,528","$7,597","$2,351","$2,088"
Southeast,223 - Roanoke,223,9M-12M,40K-50K,"$21,613","$22,236","$9,360","$10,770",$470,$0,"$21,613","$22,236","$9,360","$10,770",$470,$0,"$229,893","$280,124","$102,527","$119,460","$7,479","$8,497","$402,770","$442,807",$0,$0,"$6,397","$8,998","$2,500","$2,198"
Southeast,250 - Slidell,250,Less than 6M,30K-40K,"$7,759","$12,172","$3,947","$4,974",$23,$387,"$7,759","$12,172","$3,947","$4,974",$23,$387,"$113,504","$140,415","$53,143","$61,975","$2,695","$5,031","$262,144","$305,717",$227,"$6,270","$2,692","$2,909","$2,176","$1,895"
Southeast,256 - Lady Lake,256,6M-9M,30K-40K,"$14,237","$13,158","$6,327","$5,629",$208,$272,"$14,237","$13,158","$6,327","$5,629",$208,$272,"$167,505","$184,656","$76,608","$82,985","$3,047","$5,285","$241,895","$301,942","$4,666",$0,"$1,998","$3,498","$2,213","$1,900"
Southeast,267 - Jacksonville,267,6M-9M,30K-40K,"$9,586","$8,267","$3,825","$3,568",$873,$0,"$9,586","$8,267","$3,825","$3,568",$873,$0,"$123,231","$141,909","$53,281","$59,747","$3,841","$2,813","$278,532","$336,491",$0,$0,"$2,223","$1,911","$2,185","$1,937"
Southeast,268 - Seminole,268,Less than 6M,30K-40K,"$6,849","$10,388","$2,960","$4,344",$0,$0,"$6,849","$10,388","$2,960","$4,344",$0,$0,"$118,467","$123,501","$54,188","$53,722","$1,740","$2,901","$257,206","$305,367","$3,884",$0,"$2,151","$3,099","$2,204","$1,949"
Southeast,271 - Lynchburg,271,6M-9M,30K-40K,"$17,187","$16,643","$7,785","$8,301",$0,$0,"$17,187","$16,643","$7,785","$8,301",$0,$0,"$188,213","$189,104","$85,950","$86,381","$3,036","$1,811","$258,133","$270,926",$0,"$8,426","$4,878","$8,630","$2,345","$2,032"
Southeast,272 - Naples,272,Less than 6M,20K-30K,"$8,318","$7,136","$3,751","$3,351",$397,$0,"$8,318","$7,136","$3,751","$3,351",$397,$0,"$116,121","$103,303","$51,877","$46,526",$996,"$3,192","$238,322","$299,579","$3,388","$8,084","$2,207","$2,022","$2,160","$1,878"
Southeast,279 - Fredericksburg,279,Less than 6M,Greater than 60K,"$14,867","$15,114","$7,037","$7,022",$815,"$1,571","$14,867","$15,114","$7,037","$7,022",$815,"$1,571","$167,870","$185,196","$74,091","$80,506","$4,831","$5,648","$295,546","$375,606","$5,307","$6,965","$3,602","$6,284","$2,329","$2,054"
Southeast,280 - Winchester,280,Less than 6M,30K-40K,"$12,910","$12,957","$5,757","$6,161",$0,$0,"$12,910","$12,957","$5,757","$6,161",$0,$0,"$139,952","$157,792","$62,467","$70,746","$2,700","$5,609","$202,439","$231,887","$4,978",$0,"$3,203","$5,723","$2,240","$1,920"
Southeast,281 - Cape Coral,281,Less than 6M,20K-30K,"$6,748","$9,551","$3,121","$4,558",$502,$0,"$6,748","$9,551","$3,121","$4,558",$502,$0,"$114,844","$123,843","$53,399","$57,578","$1,921","$3,647","$239,369","$287,738","$5,050","$8,545","$2,150","$3,802","$2,078","$1,794"
Southeast,282 - Tampa Highwoods,282,Less than 6M,30K-40K,"$7,020","$6,423","$3,192","$2,863",$0,$391,"$7,020","$6,423","$3,192","$2,863",$0,$391,"$85,078","$87,243","$38,066","$36,947","$2,356","$3,544","$278,357","$346,751",$0,$0,$950,"$1,318","$2,093","$1,916"
Southeast,283 - Hot Springs,283,Less than 6M,20K-30K,"$7,122","$10,708","$3,307","$4,969",$0,$218,"$7,122","$10,708","$3,307","$4,969",$0,$218,"$118,670","$125,992","$55,918","$58,339","$1,919","$4,576","$204,883","$261,468",$265,$0,"$2,770","$4,921","$2,128","$1,859"
Southeast,602 - Asheville,602,12M-15M,50K-60K,"$28,964","$29,006","$13,242","$13,415",$0,$345,"$28,964","$29,006","$13,242","$13,415",$0,$345,"$342,263","$300,250","$154,118","$134,266","$23,365","$31,372","$378,117","$462,306","$11,776","$24,911","$34,997","$12,333","$2,464","$2,042"
Southeast,603 - Greensboro,603,12M-15M,40K-50K,"$14,479","$23,816","$6,588","$11,194",$471,$642,"$14,479","$23,816","$6,588","$11,194",$471,$642,"$227,973","$271,350","$102,907","$118,253","$4,124","$29,236","$416,024","$447,831","$5,663",$0,"$29,253","$10,931","$2,472","$2,086"
Southeast,609 - Crescent Springs,609,6M-9M,50K-60K,"$17,309","$12,804","$7,663","$5,959",$765,$790,"$17,309","$12,804","$7,663","$5,959",$765,$790,"$172,436","$176,306","$76,818","$76,143","$2,853","$4,384","$329,263","$387,206","$1,241","$6,362","$25,895","$7,440","$2,430","$2,079"
Southeast,612 - North Charleston,612,6M-9M,50K-60K,"$18,807","$13,304","$8,121","$6,285",$0,$933,"$18,807","$13,304","$8,121","$6,285",$0,$933,"$244,502","$243,569","$110,243","$108,639","$3,939","$7,837","$334,477","$389,927","$8,813","$9,681","$23,323","$6,257","$2,459","$2,090"
